URL,Status
http://dev.gpt123.co:9081/my-account/createproduct1/,Timed out
luk.com,Error: Invalid URL 'luk.com': No scheme supplied. Perhaps you meant https://luk.com?
luk.com,Error: Invalid URL 'luk.com': No scheme supplied. Perhaps you meant https://luk.com?
luk.com,Error: Invalid URL 'luk.com': No scheme supplied. Perhaps you meant https://luk.com?
https://civitai.com/,OK
https://civitai.com/,OK
https://civitai.com/,OK
luk.com,Error: Invalid URL 'luk.com': No scheme supplied. Perhaps you meant https://luk.com?
luk.com,Error: Invalid URL 'luk.com': No scheme supplied. Perhaps you meant https://luk.com?
https://civitai.com/,OK
https://civitai.com/,OK
https://civitai.com/,OK
https://civitai.com/,OK
https://civitai.com/,OK
google.com,Error: Invalid URL 'google.com': No scheme supplied. Perhaps you meant https://google.com?
https://play.aidungeon.io/,Broken (status code: 403)
https://aitoptools.com/tool/jasper/,Broken (status code: 400)
https://fliki.ai/,OK
https://vwo.com/,OK
https://slashdreamer.com/,OK
https://www.getconch.ai/,OK
https://www.smartscout.com/,OK
https://www.askstockgpt.com/,OK
https://www.sudowrite.com/,OK
https://www.shutterstock.com/,Broken (status code: 406)
https://www.mapsgpt.com/,OK
https://www.craiyon.com/,OK
https://www.litrpgadventures.com/,OK
https://magictype.ai/,OK
https://zuva.ai/,OK
https://www.convai.com/,OK
https://www.getconch.ai/,OK
https://alpharesearch.io/,OK
https://civitai.com/,OK
https://coloromo.com/,OK
https://avatarai.me/,Broken (status code: 503)
https://www.promptloop.com/,OK
https://pollinations.ai/,OK
https://cowriter.org/,OK
https://arcwise.app/ai/,OK
https://www.5out.io/,OK
https://www.bluewillow.ai/,OK
https://legalrobot.com/,OK
https://www.sonify.io/,OK
https://you.com/,Broken (status code: 403)
https://www.minodor.com/,OK
https://xno.ai/,OK
https://viralpostgenerator.taplio.com/,OK
https://www.playlistai.app/,OK
https://checkforai.com/,OK
https://www.deepswap.ai/,OK
https://www.app.artflow.ai/,OK
https://play.aidungeon.io/,Broken (status code: 403)
https://video2recipe.com/,OK
https://tinywow.com/,OK
https://m64.in/begone-spammer/,OK
https://www.playstrict.com/,OK
https://github.com/features/copilot,OK
https://publicprompts.art/,OK
https://www.steamship.com/,OK
https://eloise.ai/,OK
https://talkpal.ai/,OK
https://petals.ml/,OK
https://www.booth.ai/,OK
https://yippity.io/,OK
talkpal.ai,Error: Invalid URL 'talkpal.ai': No scheme supplied. Perhaps you meant https://talkpal.ai?
https://copymatic.ai/,Broken (status code: 403)
www.clipsai.com,Error: Invalid URL 'www.clipsai.com': No scheme supplied. Perhaps you meant https://www.clipsai.com?
https://vizard.ai/,OK
https://berri.ai/,OK
https://www.buildai.space/,OK
https://www.litrpgadventures.com/,OK
https://www.clippah.co/,OK
https://www.buildai.space,OK
https://www.affable.ai/,OK
https://www.careerflow.ai/,OK
https://www.allsearch.ai/,OK
https://playgroundai.com/,OK
https://www.getmagical.com/ai,OK
https://csm.ai/,OK
https://disputeaipro.com/,OK
https://replit.com/,OK
https://www.shaped.ai/,OK
https://www.aiartapps.com/,OK
https://chat.openai.com,Broken (status code: 403)
https://www.affable.ai/,OK
https://postly.ai/,OK
https://www.buildt.ai/,OK
https://raizer.app,OK
https://www.blognlp.com/,OK
https://bearly.ai/,OK
https://www.web3summary.com/,OK
https://www.oneai.com/,OK
https://vwo.com/,OK
https://xpressioncamera.com/,OK
https://chrome.google.com/webstore/detail/concisely-read-any-email/kmjpimnkepldekdikeihglaiiggddhgl,OK
https://www.anyquestions.ai/,OK
https://www.ai2sql.io/,OK
https://aigraphics.io/,OK
https://dystr.com/,OK
https://www.grahamai.co/,OK
https://app.seomatic.ai/,OK
https://whispermemos.com/,OK
https://www.animaker.com/subtitle-generator,OK
https://arthub.ai/,OK
https://onemoreai.com/,OK
https://authors.ai/marlowe/,Broken (status code: 403)
https://clipdrop.co/,OK
https://flight-path.io/,OK
https://app.prodia.com/,OK
https://www.bedtimestory.ai/,OK
https://www.clickable.so/,OK
www.fineshare.com,Error: Invalid URL 'www.fineshare.com': No scheme supplied. Perhaps you meant https://www.fineshare.com?
https://www.unboundcontent.ai/,OK
https://bria.ai/,OK
https://www.autobackend.dev/,OK
https://www.deepmotion.com/,OK
https://joinonu.com/,OK
https://www.notion.so/,OK
https://www.coolgiftideas.io/,OK
https://freesubtitles.ai/,OK
https://www.assemblyai.com/,OK
https://ca.la/,OK
https://chatspot.ai/,OK
www.validatorai.com,Error: Invalid URL 'www.validatorai.com': No scheme supplied. Perhaps you meant https://www.validatorai.com?
https://github.com/schibsted/WAAS,OK
https://www.wonder-ai.com/,OK
https://franks.ai/,OK
arcwise.app,Error: Invalid URL 'arcwise.app': No scheme supplied. Perhaps you meant https://arcwise.app?
https://syntheticaidata.com/,OK
usecharm.ai,Error: Invalid URL 'usecharm.ai': No scheme supplied. Perhaps you meant https://usecharm.ai?
https://huggingface.co/spaces/THUDM/CodeGeeX,OK
www.sheetai.app,Error: Invalid URL 'www.sheetai.app': No scheme supplied. Perhaps you meant https://www.sheetai.app?
https://www.activazon.com/,OK
https://consensus.app/,OK
https://www.brancher.ai/,OK
https://www.hotbot.com/,Broken (status code: 403)
www.askmetric.com,Error: Invalid URL 'www.askmetric.com': No scheme supplied. Perhaps you meant https://www.askmetric.com?
https://www.askeygeek.com/ubercreate/,OK
https://ai-surge.cloud/,OK
https://codecomplete.ai/,OK
https://maigon.io/,OK
https://www.closerscopy.com/,OK
https://www.perplexity.ai/,Broken (status code: 403)
https://www.solidpoint.ai/,OK
https://www.compose.ai/,OK
https://www.sellscale.com/,OK
https://www.marketmuse.com/,Broken (status code: 403)
https://aws.amazon.com/,OK
https://www.solidgrids.com/,OK
https://coverletterwrite.com/,OK
https://www.yarnit.app/,OK
https://opinionate.io/,OK
https://berri.ai/,OK
https://brandmark.io/tools/,OK
https://piano-genie.glitch.me/,OK
https://www.magicreach.ai/,OK
https://blakify.com/,OK
https://www.chaingpt.org/,OK
https://clio.so/,OK
https://codewp.ai/,Broken (status code: 403)
https://contlo.ai/,Broken (status code: 406)
https://vectorizer.ai/,OK
https://10web.io/,OK
https://csm.ai,OK
https://addy-ai.com/,OK
https://releasenote.ai/,OK
https://www.springworks.in/albus/,OK
https://releasenote.ai/,OK
https://my.brain.fm/,OK
https://soundraw.io/,OK
https://chattycat.ju.mp/,OK
https://www.magicapps.ai/emailmagic-ai,OK
https://authors.ai/marlowe/,Broken (status code: 403)
https://www.superflows.ai/,OK
https://www.gomoonbeam.com/,OK
https://www.move.ai/,OK
https://remail.ai/,OK
https://chatbotkit.com/,OK
https://github.com/facebookresearch/shumai,OK
https://ecold.ai/,OK
https://appicons.ai/,OK
https://github.com/openai/whisper,OK
https://civitai.com/,OK
https://aitoptools.com/tool/jasper/,Broken (status code: 400)
https://www.pinecone.io/,OK
https://marketplace.visualstudio.com/,OK
https://www.theneo.io/,OK
https://phygital.plus/,Broken (status code: 403)
https://mergeml.com/,OK
https://www.openread.academy/,OK
https://aitoptools.com/tool/evoke/,Broken (status code: 400)
https://www.88stacks.com/,OK
https://stableboost.ai/,OK
https://www.enzyme.com/,OK
https://synthesys.io/x/,OK
https://supernormal.com/,OK
https://2siq.com/,OK
https://freeimage.ai/,OK
https://inboxpro.io/,OK
https://rundiffusion.com/,OK
https://veg3.ai/,OK
https://creasquare.io/,OK
https://sivi.ai/,OK
https://evokemusic.ai/,OK
https://www.artssy.co/,OK
https://ecold.ai/,OK
https://github.com/samim23/polymath,OK
https://sivi.ai/,OK
https://www.soreal.ai/,OK
https://coda.io/,OK
https://studio.d-id.com/,OK
https://phraser.tech/inspiration,OK
https://www.berry-ai.com/,OK
https://yaara.ai/,OK
https://www.airbrush.ai/,OK
https://www.adept.ai/,OK
https://stride.la/,OK
https://censius.ai/,OK
https://wizishop.com/,OK
https://cradle.bio/,OK
https://apps.apple.com/us/app/bright-eye/id1593932475,OK
https://www.stockai.com/,OK
https://www.datature.io/,OK
https://byautomata.io/,OK
https://www.producthunt.com/products/picly-ai-generated-spot-the-difference,OK
https://scite.ai/,OK
https://www.bifrost.so/,OK
https://www.contents.com/,OK
https://www.bifrost.so/,OK
https://thumbnail-ai.ybouane.com/,OK
https://pimeyes.com/,OK
https://promptspace.xyz/,OK
https://unbounce.com/product/smart-copy/,OK
https://www.magickml.com/,OK
https://elicit.org/,OK
https://addcontext.xyz/,OK
https://chrome.google.com/webstore/detail/webchatgpt-chatgpt-with-i/,Broken (status code: 404)
https://app.copysmith.ai/,OK
https://revoicer.com/,OK
https://movmi.co/,OK
https://voicetype.io/,OK
https://promptable.ai/,OK
https://quickie.ai/,OK
https://www.copypage.online/,SSL error
https://aibert.co/,OK
https://celebvoice.my.canva.site/,OK
https://www.trypencil.com/,OK
https://verbatik.com/,OK
https://myreport.alaba.ai/,OK
https://cybervoice.io/,OK
https://rose.ai/,OK
https://www.voiceful.io/,OK
https://audioread.com/,OK
https://aitoptools.com/tool/evoke/,Broken (status code: 400)
https://theloops.io/,Broken (status code: 403)
https://blogsmith.io/,OK
https://chrome.google.com/webstore/detail/chatonai-unlock-the-power/,Broken (status code: 404)
https://askmybook.com/,OK
https://www.commentreply.ai/,OK
https://www.listnr.tech/,OK
https://ai-jd.pangea.app/,OK
https://avmapping.co/en/,OK
https://tweetmonk.com/,OK
https://tradeforesight.com/,OK
https://www.workhub.ai/,OK
https://www.typeface.ai/,OK
https://getsonya.ai/,OK
https://www.chefgpt.xyz/,OK
https://www.pipeline.ai/,OK
https://finalscout.com/,OK
https://www.chefgpt.xyz/,OK
https://www.commentanalyzer.com/,OK
https://postwise.ai/,OK
https://www.aiva.ai/,OK
https://twitter-bot.com/,OK
https://capturelab.gg/,OK
https://morise.ai/,OK
https://lumalabs.ai/,OK
https://www.entar.io/,OK
https://www.tutorai.me/,OK
https://prepar.me/,OK
https://m.zeemo.ai/,OK
https://outline.ninja/demo-infographic-ninja,OK
https://www.hirebrain.ai/,OK
https://www.trysalient.com/,OK
https://colourlab.ai/,OK
https://thesamur.ai/,OK
https://taplio.com/,OK
https://customgpt.ai/,OK
https://coqui.ai/,OK
https://textcortex.com/,OK
https://www.qlip.ai/,OK
https://wellsaidlabs.com/,Broken (status code: 403)
https://anyword.com/,OK
https://www.wisecut.video/,OK
https://myaskai.com/tweet-me,OK
https://www.artbreeder.com/,OK
www.sanalabs.com,Error: Invalid URL 'www.sanalabs.com': No scheme supplied. Perhaps you meant https://www.sanalabs.com?
https://www.oxolo.com/,OK
https://ggpredict.io/,OK
https://blackink.ai/,OK
ai.nero.com,Error: Invalid URL 'ai.nero.com': No scheme supplied. Perhaps you meant https://ai.nero.com?
https://exemplary.ai/,OK
https://seenapse.ai/,OK
www.darrow.ai,Error: Invalid URL 'www.darrow.ai': No scheme supplied. Perhaps you meant https://www.darrow.ai?
https://www.delibr.com/,OK
https://lex.page/,OK
www.autoretouch.com,Error: Invalid URL 'www.autoretouch.com': No scheme supplied. Perhaps you meant https://www.autoretouch.com?
https://www.xembly.com/,Broken (status code: 403)
www.oddvibe.com,Error: Invalid URL 'www.oddvibe.com': No scheme supplied. Perhaps you meant https://www.oddvibe.com?
https://botika.io/,OK
www.snappr.com,Error: Invalid URL 'www.snappr.com': No scheme supplied. Perhaps you meant https://www.snappr.com?
https://www.usesuperflow.com/,OK
https://notability.ai/,OK
remover.zmo.ai,Error: Invalid URL 'remover.zmo.ai': No scheme supplied. Perhaps you meant https://remover.zmo.ai?
https://wowto.ai/,OK
www.cutout.pro,Error: Invalid URL 'www.cutout.pro': No scheme supplied. Perhaps you meant https://www.cutout.pro?
https://www.postai.pro/,OK
https://dreamlook.ai/,OK
https://www.lobe.ai/,OK
https://www.ecommerceprompts.com/,OK
https://yuma.ai/,OK
https://www.airops.com/,OK
https://aiseo.ai/,OK
https://m64.in/,OK
https://askthee.vercel.app/,OK
https://podcast.adobe.com/,OK
https://peachlyai.xyz/,OK
https://www.gitagpt.in/,OK
https://you.com/,Broken (status code: 403)
https://cookup.ai/,OK
https://app.markopolo.ai/signup?referrer=buHoUd,OK
https://writeseed.com/,OK
https://legalesedecoder.com/,OK
https://casetext.com/,Broken (status code: 403)
https://maigon.io/,OK
https://www.writefull.com/,OK
https://www.botowski.com/,OK
https://www.scholarcy.com/,OK
https://www.poppylist.com/askpoppy,OK
https://ailawyer.pro/,OK
https://www.jounce.ai/,OK
https://youtubesummarized.com/,OK
https://www.background.lol/,OK
https://embolden.co/,OK
https://www.background.lol/,OK
https://zoocial.io/,OK
https://apps.apple.com/us/app/kayyo-ai-mma-trainer/,Broken (status code: 404)
https://postalai.co/,OK
https://systeme.io/,OK
https://www.tugan.ai/,OK
https://sellesta.ai/,OK
https://www.audiolabs.io/,OK
https://copilot.naklecha.com/,OK
https://contenda.co/,OK
https://www.evolup.com/,OK
https://www.ai2image.com/,OK
https://hushl.in/,OK
https://www.trendmate.xyz/,OK
https://www.candyicons.com/,OK
https://get.marble.app/,OK
https://analisa.io/,OK
https://www.yourownstorybook.com/,OK
https://app.movio.la/,OK
https://bedit.kakaobrain.com/,OK
https://lebesgue.io/,OK
https://finsheet.io/,OK
https://eraserapp.dwave.cc/en,OK
https://booltool.boolv.tech/,OK
www.storylab.com,Error: Invalid URL 'www.storylab.com': No scheme supplied. Perhaps you meant https://www.storylab.com?
deepstory.ai,Error: Invalid URL 'deepstory.ai': No scheme supplied. Perhaps you meant https://deepstory.ai?
https://www.copy.ai/,OK
https://www.cogram.com/,OK
www.bannerbear.com,Error: Invalid URL 'www.bannerbear.com': No scheme supplied. Perhaps you meant https://www.bannerbear.com?
https://creativai.io/,OK
www.madgicx.com,Error: Invalid URL 'www.madgicx.com': No scheme supplied. Perhaps you meant https://www.madgicx.com?
www.veed.io,Error: Invalid URL 'www.veed.io': No scheme supplied. Perhaps you meant https://www.veed.io?
https://www.realfakephotos.com/,OK
www.synths.video,Error: Invalid URL 'www.synths.video': No scheme supplied. Perhaps you meant https://www.synths.video?
https://aiscreenwriter.com/,Broken (status code: 503)
www.socialstudio.ai,Error: Invalid URL 'www.socialstudio.ai': No scheme supplied. Perhaps you meant https://www.socialstudio.ai?
https://getsuperteam.com/,OK
www.attentioninsight.com,Error: Invalid URL 'www.attentioninsight.com': No scheme supplied. Perhaps you meant https://www.attentioninsight.com?
https://www.valideo.xyz/,OK
www.amtoai.com,Error: Invalid URL 'www.amtoai.com': No scheme supplied. Perhaps you meant https://www.amtoai.com?
https://www.figma.com/,OK
https://lovo.ai/,OK
https://www.anypod.ai/,OK
https://play.ht/,OK
https://www.lavo.ai/,OK
https://aiflow.ai/,OK
https://github.com/features/copilot,OK
https://variart.ai/,OK
https://blubi.ai/,OK
https://huberman.rile.yt/,OK
https://superprompts.com/,OK
https://ossinsight.io/explore/,OK
https://www.chatpdf.com/,OK
https://www.captions.ai/,OK
https://www.usevacay.com/,OK
https://www.prompthunt.com/,OK
https://search.krea.ai/,OK
https://linguix.com/,OK
https://www.caktus.ai/,OK
https://readeasy.ai/,Broken (status code: 403)
https://yaara.ai/,OK
https://hey.marketingblocks.ai/,OK
https://client.aigur.dev/,OK
https://zenen.ai/,OK
https://www.wheretoai.com/,OK
https://photor.io/,OK
https://joinplayroom.com/,OK
https://bumble-prompts.vercel.app/,OK
https://www.bogar.ai/,OK
https://pyttipanna.xyz/,Broken (status code: 404)
https://pyttipanna.xyz/,Broken (status code: 404)
https://promptify.pro/,OK
https://journeyplan.co/,OK
https://www.contentfries.com/,OK
https://ttslabs.ai/home,Broken (status code: 404)
https://sharegpt.com/,OK
https://prompbase.com/,OK
https://spellprints.com/,OK
https://github.com/abhagsain/ai-cli,OK
https://app.yoodli.ai/,OK
https://2short.ai/,OK
https://chatgpt-sidebar.com/,OK
https://www.meetcody.ai/,OK
https://www.promptxart.com/,OK
https://chrome.google.com/webstore/detail/promptly/,Broken (status code: 404)
https://dev-3ly3izwqhdu7ej7f.us.auth0.com/,OK
https://chrome.google.com/webstore/detail/promptly/,Broken (status code: 404)
https://quickreplai.com/,OK
https://circle.isyourshadowyou.com/Home.html,OK
https://circle.isyourshadowyou.com/Home.html,OK
https://ranknow.ai/,OK
https://voicemaker.in/,OK
https://you.com/,Broken (status code: 403)
https://eyeforai.xyz/,OK
https://geniea.com/,OK
https://imageeditor.ai/,OK
https://www.chai-research.com/,OK
https://www.stealthgpt.ai/,OK
https://www.stealthgpt.ai/,OK
https://www.promptvibes.com/,OK
https://www.mindsmith.ai/,OK
https://www.voxwaveai.com/,OK
https://cheatlayer.com/,OK
https://colossyan.us.auth0.com/,OK
https://mutable.ai/,OK
https://play.aidungeon.io/,Broken (status code: 403)
https://www.usechannel.com/,OK
https://aisocialbio.com/,OK
https://www.cuely.ai/chatgpt,OK
https://just-prompt.vercel.app/,OK
https://postaga.com/,Broken (status code: 403)
https://play.aidungeon.io/,Broken (status code: 403)
https://www.decktopus.com/,OK
https://www.writewithlaika.com/,OK
https://www.mindsmith.ai/,OK
https://spellbound.cc/,OK
https://neeva.com/,OK
https://huggingface.co/,OK
https://mailr-ai.com/,OK
https://masterpiecestudio.com/,OK
https://alpha.genmo.ai/,OK
https://cleanup.pictures/,OK
https://www.fingerprintforsuccess.com/,OK
https://headlinesai.pro/,OK
https://sceneone.app/,Broken (status code: 403)
https://gerev.ai/,OK
https://www.writewithlaika.com/,OK
https://app.bhuman.ai/,OK
https://www.wheretoai.com/,OK
https://changestyleai.com/,OK
https://neurospell.com/,Broken (status code: 410)
https://rose.ai/,OK
https://careerdekho.ai/,OK
https://nanonets.com/home-new,OK
https://www.wisdolia.com/,OK
https://www.mirageml.com/,OK
https://www.researchrabbit.ai/,OK
https://alethea.ai/,OK
https://www.freeday.ai/,OK
https://www.bifrost.so/,OK
https://arxiv-feed.vercel.app/,OK
https://www.getcharteditor.com/,OK
https://www.getcharteditor.com/,OK
https://www.bardeen.ai/ai,OK
https://www.listener.fm/,OK
https://wizi.ai/,OK
https://mentioned.ai/,OK
https://gocharlie.ai/,OK
https://wewritecards.com/,OK
https://drayk.it/,OK
https://nyx.gallery/,OK
https://www.cogniflow.ai/,OK
https://www.rankingtactics.com/,OK
https://voice.ai/,OK
https://notreload.com/,OK
https://ailawyer.pro/,OK
https://www.prospre.io/,OK
https://www.remesh.ai/,OK
https://textbuddy.com/,OK
https://www.promptvibes.com/,OK
https://www.heysheldon.com/,OK
https://www.kompyte.com/,OK
https://cradle.bio/,OK
https://aisocialbio.com/,OK
https://www.roamaround.io/,OK
https://truereply.com/,OK
https://www.transvribe.com/,OK
https://www.promptloop.com/,OK
https://www.namecheap.com/,OK
https://wpdocs.chat/,OK
https://nickfinder.com/,OK
https://www.translate.video/,OK
https://rightblogger.com/,OK
https://app.crawlq.ai/sign-up,OK
https://myraah.io/,OK
https://www.promptloop.com/,OK
https://www.quinv.io/,OK
https://play.ad-auris.com/,OK
https://durable.co/,OK
https://visualizeai.pro/,OK
https://www.editby.ai/,OK
https://www.logopony.com/,OK
https://www.fabrie.com/home,OK
https://designstripe.com/ai-cards/,OK
https://paperlist.io/,OK
https://magicthumbnails.com/,OK
https://aimajic.com/,OK
https://namemesh.pro/,OK
https://scisummary.com/,OK
https://scisummary.com/,OK
https://namify.tech/,OK
https://symptomchecker.io/,OK
https://beepbooply.com/,OK
https://wtfdoesthiscompanydo.vercel.app/,OK
https://www.latentlabs.art/,OK
https://trendspider.com/,OK
https://landing.ai/,Broken (status code: 403)
https://headlinesai.pro/,OK
https://text-to-cron.vercel.app/,OK
https://autopia-labs.com/,OK
https://analogenie.com/,OK
https://www.professionalizeitto.me/,OK
https://supares.com/,OK
https://newswriter.ai/,OK
https://www.byterat.io/,OK
https://writemeacoverletter.com/,OK
https://www.shortwave.com/,OK
https://bertha.ai/,Broken (status code: 403)
https://github.com/mukulpatnaik/researchgpt?utm_source=aitoptools&utm_medium=marketplace&utm_campaign=aitoptools,OK
https://experiments.withgoogle.com/,OK
https://levity.ai/,OK
https://www.bing.com/create,OK
https://www.creaitor.ai/,OK
https://www.audyo.ai/,OK
https://wisio.app/,OK
https://cleanvoice.ai/,OK
https://askoptimo.com/,OK
https://makelogo.ai/,OK
https://www.asknow.ai/,OK
https://chatgenius.tech/,OK
https://neural.love/,OK
https://www.connectedpapers.com/,OK
https://powerpresent.ai/,OK
https://www.profilepicture.ai/,OK
https://brandbuzz.ai/,OK
https://www.zmo.ai/,OK
https://www.ctrify.com/,OK
https://apps.apple.com/,OK
https://play.google.com/store/apps/details?utm_source=aitoptools&utm_medium=marketplace&utm_campaign=aitoptools,Broken (status code: 404)
https://lensco.ai/,OK
https://www.apple.com/in/apple-books/,OK
https://nichesss.com/,OK
https://www.ugcscripts.com/,OK
https://www.tldrbot.co/,OK
https://api.whatsapp.com/send/?phone=13159035087&text&type=phone_number&app_absent=0,OK
https://missiveapp.com/,OK
https://www.trypencil.com/,OK
https://www.kickresume.com/,OK
https://missiveapp.com/,OK
https://www.aipickuplines.com/,OK
https://aisofiya.com/,OK
https://www.speecheasyapp.com/,OK
https://www.speecheasyapp.com/,OK
https://article.audio/,OK
https://aisofiya.com/,OK
https://otter.ai/,OK
https://www.motionit.ai/,OK
https://shuftipro.com,OK
https://www.visily.ai/,OK
https://wonderdynamics.com/,OK
https://api.whatsapp.com/,OK
https://aitoptools.com/tool/fliki/,Broken (status code: 400)
https://apps.apple.com/app/apple-store/id1621101995,OK
https://venngage.com/tools/valentines-day-card-maker,OK
https://embra.app/,OK
https://www.qikpm.com/,OK
https://apps.apple.com/us/app/toucan-ai-chatbot-writer/id1665298806,OK
https://makemytale.com/,OK
https://www.chatshape.com/,OK
https://www.locofy.ai/,OK
https://chatabc.ai/,OK
https://goose.ai/,OK
https://aisofiya.com/,OK
https://useadrenaline.com/,OK
https://www.circleback.ai/,OK
https://www.illostration.com/,OK
https://consumerai.deeprose.eu/,OK
https://cassetteai.com/,OK
https://cassetteai.com/,OK
https://theoassist.com/login,OK
https://artifact.news/,OK
https://indie.audioshake.ai/,OK
https://chrome.google.com/,OK
https://educationcopilot.com/,OK
https://creator.nightcafe.studio/,OK
https://hyperwriteai.com/,OK
https://mywaverly.com/,OK
https://thumbly.ai/,OK
https://aibert.co/,OK
https://snape.springworks.in/?utm_source=aitoptools&utm_medium=marketplace&utm_campaign=aitoptoolshttps://snape.springworks.in/?utm_source=aitoptools&utm_medium=marketplace&utm_campaign=aitoptools,OK
https://get.mem.ai/,OK
https://www.loopinhq.com/?utm_source=aitoptools&utm_medium=marketplace&utm_campaign=aitoptools,OK
https://www.abney.ai/,OK
https://reclaim.ai/,OK
https://www.aipickuplines.com/,OK
https://www.sermongpt.com/,OK
https://www.decoherence.co/,OK
https://userdoc.fyi/,OK
https://shuftipro.com/,OK
https://checklist.gg/,OK
https://www.oneai.com/,OK
https://codesnippets.ai/?utm_source=aitoptools&utm_medium=marketplace&utm_campaign=aitoptools,OK
https://aiofficebot.com/,OK
https://secondnature.ai/?utm_source=aitoptools&utm_medium=marketplace&utm_campaign=aitoptools,OK
https://www.askcorpora.com/,OK
https://visualhound.com/,OK
https://www.mindtrove.ai/,OK
https://www.laxis.com/?utm_source=aitoptools&utm_medium=marketplace&utm_campaign=aitoptools,OK
https://undetectable.ai/?utm_source=aitoptools&utm_medium=marketplace&utm_campaign=aitoptools,OK
https://metastory.ai/,OK
https://corrector.app/,OK
https://www.findly.ai/?utm_source=aitoptools&utm_medium=marketplace&utm_campaign=aitoptools,OK
https://whimsical.com/,OK
https://www.wheretoai.com/,OK
https://botif.ai/,OK
https://lexii.ai/,OK
https://www.stockedai.com/,OK
https://www.tricentis.com/,OK
https://silferbots.io/,OK
https://testsigma.com/,OK
https://www.koolio.ai/,OK
https://insulabot.com/,OK
https://zyro.com/in/tools/slogan-generator,OK
https://snyk.io/product/snyk-code/,OK
https://chessgpt.gducrash.com/,OK
https://bgsub.com/webapp/,OK
https://hireez.com/,OK
https://www.audiostrip.co.uk/,OK
https://aws.amazon.com/machine-learning/ai-services/,OK
https://www.imocha.io/,OK
https://www.storyd.ai/,OK
https://loxo.co/,OK
https://coverlettersimple.ai/,OK
https://mcquaig.com/,OK
https://unschooler.me/,OK
https://talocity.ai/,OK
https://aidaptive.com/,Broken (status code: 403)
https://www.textkernel.com/,OK
https://www.seamless-studio.com,OK
https://www.turing.com/,OK
https://myaskai.com/,OK
https://shuftipro.com/,OK
https://clipyboard.com/,OK
https://www.skillate.com/,OK
https://tickeron.com/,OK
https://www.delete.bg/aistudio,OK
https://www.hypotenuse.ai/slogan-generator,OK
https://conversai.co/,OK
https://copyleaks.com/,OK
https://scale.com/,OK
https://avanz.ai/,OK
https://www.trade-ideas.com/,OK
https://www.socialvideoplaza.com/en/tools/video-description-generator,OK
https://type.ai/,OK
https://gptfor.me/,OK
https://fama.one/,OK
https://www.kraftful.com/,OK
https://you.com/,Broken (status code: 403)
https://glowupai.com/,OK
https://www.caliberai.net/,OK
https://www.infomail.ai/,OK
https://www.deepbrain.io/aistudios,OK
https://www.krikey.ai/,OK
https://socraticworks.com/,OK
https://writeplus.co/,Broken (status code: 406)
https://www.whatonearth.xyz/,OK
https://timelyapp.com/,OK
https://apps.apple.com/app/momo-your-ai-travel-planner/,Broken (status code: 404)
https://www.wheretoai.com/,OK
https://www.shownotes.io/,OK
https://www.vowel.com/,OK
https://www.sloyd.ai/,OK
https://www.visla.us/ai-video-generator,OK
https://plugins.jetbrains.com/,OK
https://apps.apple.com/us/app/genius-ai/,Broken (status code: 404)
https://nolej.io/,OK
https://chrome.google.com/webstore/detail/gptgo-chatgpt-from-any-ta/oeekolihnpojdigebjbhnkhbepjdoidi?utm_source=aitoptools&utm_medium=marketplace&utm_campaign=aitoptools,OK
https://blogbooster.ai/,OK
https://www.doctrina.ai/,Broken (status code: 403)
https://hello.podium.page/,OK
https://www.doctrina.ai/,Broken (status code: 403)
https://www.powerweb5.ai/,OK
https://www.cuetap.com/,OK
https://www.sequencegenius.com/,OK
https://qubitai.tech/,OK
https://jema.ai/,OK
https://www.doctrina.ai/,Broken (status code: 403)
https://zety.com/cover-letter-builder,OK
https://magicprints.xyz/,OK
https://www.lovegenius.io/,OK
https://roof.ai/,OK
https://notepd.com/,OK
https://www.vectra.ai/,OK
https://verb.ai/,OK
https://www.poplarml.com/index.html,OK
https://outline.ai/,OK
https://www.aiprofilepictures.com/,OK
https://www.toplinepro.com/,OK
https://curipod.com/,OK
https://aitoptools.com/tool/anybot/,Broken (status code: 400)
https://emailcomposer.ai/,OK
https://sqlgenius.app/,OK
https://www.kustomer.com/,OK
https://www.promptstacks.com/,OK
https://shadowart.withgoogle.com/?lang=en-us,OK
https://digitalgenius.com/,Broken (status code: 403)
https://www.mails.ai/,OK
https://deepdub.ai/,OK
https://www.kustomer.com/,OK
https://instantcoverletter.com/,OK
https://hedwig.springworks.in/,OK
https://www.testandstart.com/,Broken (status code: 404)
https://ai-mailer.com/,OK
https://beam.eyeware.tech/,OK
https://harvyai.com/,OK
https://chrome.google.com/webstore/detail/chatgpt-prompt-genius/jjdnakkfjnnbbckhifcfchagnpofjffo/,OK
https://www.mjsplitter.com/,OK
https://hirelake.ai/,OK
https://www.emailiq.org/,Broken (status code: 404)
https://www.codium.ai/,OK
https://anything.world/,OK
https://virtualface.app/#/,OK
https://www.hotreachai.com/,OK
ttps://www.namesnack.com/,Error: No connection adapters were found for 'ttps://www.namesnack.com/'
https://rezon8ai.com/?utm_source=aitoptools&utm_medium=marketplace&utm_campaign=aitoptools,OK
https://tryellie.com/,OK
https://www.geniussheets.com/,OK
https://www.weshare.net/youtube-video-description-generator/,OK
https://getbitesnap.com/,OK
https://www.aiisajoke.com/?utm_source=aitoptools&utm_medium=marketplace&utm_campaign=aitoptools,OK
https://helper.email/,OK
https://tooltips.ai/,OK
https://zoomscape.ai/,OK
https://gptzero.me/?utm_source=aitoptools&utm_medium=marketplace&utm_campaign=aitoptools,OK
https://www.informai.com/,OK
https://www.lnmanager.com/,OK
https://www.warmest.ai/,OK
https://www.lavo.ai/,OK
https://sensely.com/,OK
https://displaypurposes.com/,OK
https://pliny.app/?utm_source=aitoptools&utm_medium=marketplace&utm_campaign=aitoptools,OK
https://app.airgram.io/,OK
https://synthetik.com/,OK
https://workspace.google.com/marketplace/app/buzz_mail/650469784389?ref=aitoptools,OK
https://charley.ai/?utm_source=aitoptools&utm_medium=marketplace&utm_campaign=aitoptools,OK
https://www.buoyhealth.com/,OK
https://simplemail.ai/,OK
https://www.readtrellis.com/,OK
https://oscarstories.com/,OK
https://www.chatbase.co/,OK
https://moly.ai/,OK
https://sleep.ai/,Broken (status code: 403)
https://parent.wiki/?utm_source=aitoptools&utm_medium=marketplace&utm_campaign=aitoptools,OK
https://meme-yourself.com/,OK
https://www.beatoven.ai/,OK
https://www.caroot.app/,OK
https://www.paperspace.com/gradient,OK
https://demo.aicheatcheck.com/?utm_source=aitoptools&utm_medium=marketplace&utm_campaign=aitoptools,OK
https://research.google.com/semantris/,OK
https://batchgpt.com/,OK
http://www.billybot.co.uk/,OK
https://blocksurvey.io/,OK
https://www.lightly-dev.com/?utm_source=aitoptools&utm_medium=marketplace&utm_campaign=aitoptools,OK
https://instausername.com/,OK
https://latticeflow.ai/,OK
https://www.upheal.io/?utm_source=aitoptools&utm_medium=marketplace&utm_campaign=aitoptools,OK
https://www.loci.ai/,OK
https://www.castmagic.io/,OK
https://www.brandbastion.com/lite,OK
https://metaphysic.ai/,OK
http://articoolo.com/,OK
https://onceuponabot.com/,OK
https://www.ibm.com/security/artificial-intelligence,OK
https://wordmax.ai/,OK
https://www.mystic.ai/,OK
https://news.microsoft.com/reinventing-productivity/?utm_source=aitoptools&utm_medium=marketplace&utm_campaign=aitoptools,Broken (status code: 403)
https://www.raycast.com/ai,OK
https://lazyapply.com/cover-letter-generator,OK
https://www.featureform.com/,OK
https://www.zeeno.ai/,OK
https://www.hyro.ai/real-estate,OK
https://www.incentivai.co/,OK
https://www.baked-ai.com/,OK
https://artsmart.ai/,OK
https://sporky.ai/,OK
https://chimprewriter.com/,OK
https://roof.ai/,OK
https://imagetocartoon.com/,Broken (status code: 406)
https://leadiq.com/,OK
https://www.corelogic.com/,OK
https://recruitingemails.ai/,OK
https://www.structurely.com/industries/real-estate,OK
https://elai.io/?via=aitoptools,Broken (status code: 403)
https://www.baruaai.com/,OK
https://www.skyline.ai/,OK
https://contentbot.ai/,OK
https://www.coverler.com/,OK
https://www.maile.app/,OK
https://bestregards.app/,OK
https://gocharlie.ai/?utm_source=aitoptools&utm_medium=marketplace&utm_campaign=aitoptools,OK
https://en.craft.ai/,OK
https://novelistai.com/,OK
https://caricaturer.io/,OK
https://www.linkfluence.com/,OK
https://getgenie.ai/,OK
https://cinnamon.is/en/,OK
https://fresho.dev/,OK
https://pallyy.com/tools/tweet-generator,OK
https://neon.ai/,OK
https://www.copilotly.com/,OK
https://www.copilotly.com/,OK
https://visualizeai.pro/,OK
https://headlinesai.pro/?utm_source=aitoptools&utm_medium=marketplace&utm_campaign=aitoptools,OK
http://www.pomato.com/,OK
https://chibi.ai/?utm_source=aitoptools&utm_medium=marketplace&utm_campaign=aitoptools,Broken (status code: 403)
www.visus.ai,Error: Invalid URL 'www.visus.ai': No scheme supplied. Perhaps you meant https://www.visus.ai?
http://www.pomato.com/,OK
www.formwise.ai,Error: Invalid URL 'www.formwise.ai': No scheme supplied. Perhaps you meant https://www.formwise.ai?
www.appsumo.com,Error: Invalid URL 'www.appsumo.com': No scheme supplied. Perhaps you meant https://www.appsumo.com?
https://stunning.so/,OK
https://www.askstring.com/?utm_source=aitoptools&utm_medium=marketplace&utm_campaign=aitoptools,OK
https://www.deepset.ai/,OK
https://noty.ai/,OK
https://hyperwriteai.com/,OK
https://www.visus.ai/,OK
https://hemingwayapp.com/,OK
https://apis.paralleldots.com/text_docs/,OK
https://warrior.js.org/,OK
deepdub.ai,Error: Invalid URL 'deepdub.ai': No scheme supplied. Perhaps you meant https://deepdub.ai?
https://metaphor.systems/,OK
https://toonify.photos/,OK
https://aitoptools.com/tool/roshi-ai/,Broken (status code: 400)
alpha.genmo.ai,Error: Invalid URL 'alpha.genmo.ai': No scheme supplied. Perhaps you meant https://alpha.genmo.ai?
https://www.meetjamie.ai/,OK
https://openai.com/product,OK
https://weblium.com/?utm_source=aitoptools&utm_medium=marketplace&utm_campaign=aitoptools,OK
https://www.diffbot.com/,OK
https://www.altered.ai/altered-studio,OK
https://www.stockhero.ai/,OK
https://www.talkbackai.com/,OK
https://wit.ai/,OK
https://www.salesforce.com/in/products/einstein/overview/,OK
https://googpt.ai/?hl=en&utm_source=aitoptools&&utm_medium=marketplace&&utm_campaign=aitoptools,OK
https://algoriz.com/,OK
https://www.kavout.com/ai-stock-picks/,OK
https://www.autoregex.xyz/,OK
https://platform.openai.com/ai-text-classifier?utm_source=aitoptools&utm_medium=marketplace&utm_campaign=aitoptools,OK
https://feedbackbyai.com/,OK
https://equbot.com/,OK
https://www.rev.ai/,OK
https://admin.pusd.altitudelearning.com/accounts/login/,OK
http://consumerai.deeprose.eu/,OK
https://architechtures.com/en/,OK
https://planner5d.com/,OK
https://bard.google.com/,OK
https://www.wheretoai.com/,OK
https://www.oneai.com/,OK
https://foyr.com/,OK
https://bard.google.com/,OK
https://www.balto.ai/,Broken (status code: 403)
https://snowpixel.app/,OK
https://www.co-writer.ai/,OK
https://www.rocketai.io/,OK
https://illusion.ws/,OK
https://thepetpainting.com/,OK
https://fuups.ai/,OK
https://sdui.monsterapi.ai/,"Error: HTTPSConnectionPool(host='sdui.monsterapi.ai', port=443): Max retries exceeded with url: / (Caused by NewConnectionError('<urllib3.connection.HTTPSConnection object at 0x0000024A8C52C710>: Failed to establish a new connection: [WinError 10061] No connection could be made because the target machine actively refused it'))"
www.wit.ai,Error: Invalid URL 'www.wit.ai': No scheme supplied. Perhaps you meant https://www.wit.ai?
sleep.ai,Error: Invalid URL 'sleep.ai': No scheme supplied. Perhaps you meant https://sleep.ai?
https://wepik.com/ai,OK
https://www.namedbyai.com/,OK
www.cleverbot.com,Error: Invalid URL 'www.cleverbot.com': No scheme supplied. Perhaps you meant https://www.cleverbot.com?
www.eviebot.com,Error: Invalid URL 'www.eviebot.com': No scheme supplied. Perhaps you meant https://www.eviebot.com?
www.boibot.com,Error: Invalid URL 'www.boibot.com': No scheme supplied. Perhaps you meant https://www.boibot.com?
bottr.me,Error: Invalid URL 'bottr.me': No scheme supplied. Perhaps you meant https://bottr.me?
www.kuki.ai,Error: Invalid URL 'www.kuki.ai': No scheme supplied. Perhaps you meant https://www.kuki.ai?
https://visuali.io/,OK
https://aiinput.org/,OK
https://chat.snipin.com/login,OK
https://www.messengerx.io/jinnah,OK
https://chatthing.ai/,OK
https://www.nonoisy.com/,OK
https://letsenhance.io/,OK
https://www.bifrost.so/,OK
https://www.iswrite.xyz/,SSL error
https://ortto.com/,OK
https://hirehoc.com/,OK
https://tradecalls.io/,Broken (status code: 521)
https://www.kili.so/,OK
https://www.lavender.ai/,OK
https://www.sybill.ai/,OK
https://glarity.app/,OK
https://skufetch.com/,OK
https://k-explorer.com/,OK
https://aide.app/,OK
https://getchunky.io/,OK
https://www.meeple.ai/,OK
http://articoolo.com/,OK
https://qualifyed.ai/,Broken (status code: 403)
https://caffeinatedcx.com/,OK
https://www.dux-soup.com/,OK
https://tilemaker.app/,OK
https://ravyn.app/,OK
https://huggingface.co/,OK
https://www.momentum.io/,OK
https://www.delve.ai/,OK
https://www.oiavatar.oiedu.co.uk/,OK
https://www.brainfi.sh/,OK
https://www.mailmentor.io/,OK
https://www.getcargo.io/,OK
https://www.simplephones.ai/,OK
https://www.attention.tech/,OK
https://travelmoji.xyz/,OK
https://www.lang.ai/,OK
https://www.klaviyo.com/,OK
https://www.getsidekick.ai/,OK
https://www.omneky.com/,OK
https://nlx.ai/,OK
https://salesstack.ai/,OK
https://writegpt.ai/,OK
https://outplayhq.com/,OK
https://getaikit.com/,OK
https://cresta.com/,Broken (status code: 403)
https://www.inkteeai.com/,OK
https://apps.shopify.com/octane-ai-quiz-personalization,OK
https://marketplace.visualstudio.com/items?itemName=vaibhavacharya.code-gpt-va,OK
https://mateai.io/,OK
https://www.gpteammate.app/,OK
https://snape.springworks.in/,OK
https://leonardo.ai/,OK
https://komandi.app/,OK
https://chrome.google.com/webstore/detail/casper-ai/fgfiokgecpkambjildjleljjcihnocel,OK
https://cardinalapp.io/,OK
https://anyapi.netlify.app/,OK
https://www.ailili.app/,OK
https://apps.apple.com/gb/app/vieutopia/id1660264569,OK
https://photoai.com/,OK
https://bit.ai/,OK
https://vee.ai/en/,OK
https://twitter-ai.vercel.app/,OK
https://www.carnegielearning.com/,OK
https://codesquire.ai/,OK
https://botsify.com/,OK
https://www.appypie.com/,OK
https://www.postai.pro/,OK
https://whelp.co/,OK
https://elink.io/,OK
https://write-a-card.co/,OK
https://neuronwriter.com/,OK
https://writey.ai/,OK
https://sahha.ai/,OK
https://www.nuance.com/dragon.html,OK
https://kaila.ai/,OK
https://mapdeduce.com/,OK
https://www.teach-anything.com/,OK
https://maya.ai/,OK
https://cardiagnosis.softr.app/,OK
https://mindgrasp.ai/,OK
https://paperpal.com/,OK
https://chatonai.org/,OK
https://beyondwords.io/,OK
https://manychat.com/,OK
https://www.seeqle.com/generateur-modele-offres-emploi,OK
https://www.mutinyhq.com/,OK
https://respage.com/,OK
https://www.rankode.ai/,OK
https://trykeywordspy.com/,OK
https://aigallery.app/,OK
https://www.haptik.ai/,OK
https://summary.arguflow.gg/,OK
https://www.mendable.ai/,OK
https://crowdview.ai/,OK
https://languate.com/,OK
https://www.mavenoid.com/en/,OK
https://www.shutterstock.com/generate,Broken (status code: 406)
https://www.bettersynonyms.com/,OK
https://thumbnailface.com/,OK
https://metabob.com/,OK
https://www.messengerx.io/,OK
https://scrapbook.gg/,OK
https://keap.com/,Broken (status code: 403)
https://www.lessonplans.ai/,OK
https://www.metaview.ai/,OK
https://www.voc.ai/,OK
https://www.ultimate.ai/,OK
https://epique.cloud/epique-ai/,OK
https://www.zomory.com/,OK
https://upcat.app/,OK
https://www.adout.ai/,OK
https://www.adout.ai/,OK
https://axiom.ai/,OK
https://www.nextthreebooks.com/,OK
https://writer.com/,OK
https://www.instagram.com/,OK
https://bento.me/aistote,OK
https://neuralcanvas.io/,OK
https://xipher.space/,OK
https://dream.ai/,OK
https://tryarvin.com/,OK
https://bookabout.io/,OK
https://www.aipicasso.app/,OK
https://www.magicbrushai.com/,OK
https://www.persana.ai/,OK
https://tunemy.ai/,OK
https://maester.app/,OK
https://www.magicbrushai.com/,OK
https://www.sendsteps.com/en/ai/,OK
https://www.magicflow.ai/,OK
https://aicareers.io/,OK
https://www.zevi.ai/,OK
https://fablesimulation.com/,OK
https://www.userevaluation.com/,OK
https://www.clipstudio.net/,OK
https://www.clipstudio.net/,OK
https://essaygrader.ai/,OK
https://www.adobe.com/sensei/generative-ai/firefly.html,OK
https://www.getresponse.com/,OK
https://monica.im/,OK
https://www.stork.ai/blog/whatsapp-ai-image-generator,OK
https://yous.ai/,OK
https://aipetnamer.herokuapp.com/,OK
https://aixstock.com/,OK
https://deepcuts.ai/,OK
https://aipetnamer.herokuapp.com/,OK
https://photor.io/ai-product-helper,OK
https://chrome.google.com/webstore/detail/fancygpt/,Broken (status code: 404)
https://chrome.google.com/webstore/detail/fancygpt/,Broken (status code: 404)
https://www.jobscan.co/,OK
https://namebridge.earlybird.rocks/,OK
https://namebridge.earlybird.rocks/,OK
https://www.astria.ai/,OK
https://logoscapes.ai/,OK
https://aimages.ai/,OK
https://aimages.ai/,OK
https://www.catbird.ai/,OK
https://lablab.ai/,OK
https://fyli.ai/,OK
https://m64.in/,OK
https://www.mikeai.co/,OK
https://qubitai.tech/,OK
https://www.intercom.com/,OK
https://apps.apple.com/us/app/drai-ai-image-generator/,Broken (status code: 404)
https://apps.apple.com/us/app/drai-ai-image-generator/,Broken (status code: 404)
https://akeeva.co/obituary-writer,OK
https://photor.io/,OK
https://www.tymely.ai/,OK
https://spakfly.com/home,OK
https://www.upword.ai/,OK
https://siteguide.ai/,OK
https://www.superframe.app/,OK
https://genly.ai/,OK
https://olvy.co/,OK
https://apps.apple.com/us/app/drai-ai-image-generator/,Broken (status code: 404)
https://www.growparabolic.com/,OK
https://lunaverus.com/,OK
https://lunaverus.com/,OK
https://startupvisors.gumroad.com/l/SV,OK
https://chatfuel.com/,OK
https://journeyplan.co/,OK
https://www.opensight.ai/,Broken (status code: 404)
https://www.roamaround.io/login,OK
https://memoryart.ai/,"Error: ('Connection aborted.', ConnectionResetError(10054, 'An existing connection was forcibly closed by the remote host', None, 10054, None))"
https://chatgpthider.com/,OK
https://bettertravel.ai/,OK
https://www.giti.ai/hi,OK
https://outline.ninja/demo-infographic-ninja/,OK
https://apps.apple.com/app/momo-your-ai-travel-planner/id6446133086,OK
https://celebrated-kitten-367f1f.netlify.app/,OK
https://color-anything.com/,OK
https://vidds.co/tools/ai-video-generator/,OK
https://amazing.photos/,OK
https://revmake.jamesdev.in/,OK
https://chatpad.ai/,OK
https://www.ata.tw/,OK
https://openart.ai/photobooth,OK
https://upsidedown.icu/,OK
https://beehelp.net/,OK
https://www.writero.art/,OK
https://www.mount2speak.com/,OK
https://www.bookclub.ai/,OK
https://trint.com/,OK
https://myessaygrader.ai/,Timed out
https://www.assetsai.art/,OK
https://askquranai.vercel.app/,OK
https://hints.so/,OK
https://deepgram.com/,Broken (status code: 403)
https://www.quarkiql.com/,OK
https://apps.apple.com/us/app/ai-genie-your-digital-artist/id6443917636,OK
https://www.scarlettpanda.com/,OK
https://online.hitpaw.com/photo-watermark-remover.html,OK
https://artroom.ai/,OK
https://www.aitimespage.com/,Broken (status code: 404)
https://apps.apple.com/us/app/moji-writing-assistant/id6443924609?utm_source=aitoptools&utm_medium=marketplace&utm_campaign=aitoptools,OK
https://writemage.com/,OK
https://chrome.google.com/webstore/detail/writingmateai-chatgpt-and/iihamopomflffiecicbgelncanmfionp,OK
https://talestime.io/,OK
https://prowritingaid.com/,OK
https://typeslashai.com/,OK
https://golden.chat/,OK
https://writepanda.io/,OK
https://rizzai.com/,OK
https://aissistify.com/,OK
https://turbohire.co/,OK
https://phenaki.video/,OK
https://textify.ai/,OK
https://listingcopy.ai/,OK
https://www.getbetterpics.com/,OK
https://www.intellimail.xyz/,OK
https://ritebot.thesamur.ai/,OK
https://sonix.ai/invite/jadpwbe,OK
https://ai-emailwriter.com/,OK
https://play.google.com/store/apps/details?id=buo.ai.chatgpt&pli=1,OK
https://www.hypertype.co/,OK
https://picwish.com/,OK
https://www.persana.ai/,OK
https://opinio.ai/,OK
https://www.gingersoftware.com/,OK
https://sites.google.com/view/replyassistant/,OK
https://workspace.google.com/,OK
https://studycrumb.com/,OK
https://www.magicreach.ai/,OK
https://oneword.domains/domains-gpt,OK
https://suenagringo.com/,OK
https://www.emailtriager.com/,OK
https://jasonai.tech/,OK
https://suenagringo.com/,OK
https://civitai.com/,OK
https://www.naturalreaders.com/,OK
https://appsource.microsoft.com/en-us/product/office/WA200005287?exp=ubp8&tab=Overview/,Broken (status code: 429)
https://usevictor.com/,OK
https://bito.ai/,OK
https://effectiveape.kreechr.com/,"Error: HTTPSConnectionPool(host='effectiveape.kreechr.com', port=443): Max retries exceeded with url: / (Caused by NewConnectionError('<urllib3.connection.HTTPSConnection object at 0x0000024A8C520310>: Failed to establish a new connection: [Errno 11001] getaddrinfo failed'))"
https://login.seamless.ai/,OK
https://collect.chat/,OK
https://www.respeecher.com/,OK
https://www.ezmail.ai/,OK
https://writemail.ai/,OK
https://speechelo.com/text-to-speech/,OK
https://flutterflow.io/ai-gen,OK
https://www.vocalclarity.ai/,OK
https://aissistify.com/,OK
https://www.humains.com/,OK
https://blogaudio.co/,OK
https://bigspeak.ai/,OK
https://www.soulmachines.com/,Broken (status code: 403)
https://writeai.tech/,OK
https://rythmex.com/,OK
https://www.upscale.media/,OK
https://relayed.ai/,OK
https://rapidreply.ai/,OK
https://salespitch.pro/,Broken (status code: 403)
https://auri.ai/,OK
https://www.getproduct.help/,OK
https://www.getrecut.io/,OK
https://repl-ai.com/,OK
https://sendpotion.com/,OK
https://isitmadeup.com/,OK
https://www.altered.ai/,OK
https://whatthediff.ai/,OK
https://www.the.com/,OK
https://krecicki.com/,OK
https://www.askcodi.com/,OK
https://aiduh.com/,OK
https://www.writelyai.com/,OK
https://continual.ai/,OK
https://www.paxton.ai/,OK
https://www.chooch.com/,Broken (status code: 403)
https://avanty.app/,OK
https://www.chooch.com/,Broken (status code: 403)
https://www.chooch.com/,Broken (status code: 403)
https://tribescaler.com/index.html,OK
https://github.com/,OK
https://www.chooch.com/,Broken (status code: 403)
https://smodin.io/,OK
https://kore.ai/,OK
https://cron-ai.vercel.app/,OK
https://sleep.ai/,Broken (status code: 403)
https://onlycoms.com/,OK
https://www.smartscribe.app/,OK
https://aigallery.app/,OK
https://sourceai.dev/,OK
https://kodezi.com/,OK
https://sociate.ai/,OK
https://www.lalal.ai/,OK
https://aitoptools.com/tool/dailybot/,Broken (status code: 400)
https://beb.ai/,OK
https://audo.ai/,OK
https://cohere.io/,OK
https://www.getava.io/,OK
https://seneca.dylancastillo.co/,OK
https://www.b12.io/,OK
https://wit.ai/,OK
https://www.withdewey.com/,OK
https://www.hubble.team/,OK
https://ogen.ai/,OK
https://wzrd.ai/,OK
https://www.denolyrics.com/,OK
https://usemood.us/,OK
https://usemood.us/,OK
https://sirigpt.dhr.wtf/,OK
https://api.whatsapp.com/message/O3FMEZ4NV2E4O1,OK
https://api.whatsapp.com/message/,Broken (status code: 404)
https://simsimi.com/,OK
https://kajiwoto.com/,OK
https://www.cleverbot.com/,OK
https://basch.io/,OK
https://rythmex.com/,OK
https://aliceapp.ai/,OK
https://godinabox.co/,OK
https://beyondwords.io/,OK
https://www.observe.ai/,OK
https://heymindai.co/,OK
https://google-research.github.io/,Broken (status code: 404)
https://verloop.io/,OK
https://www.magicform.app/,OK
https://www.getmagicmate.com/,OK
https://www.wetune.chat/,OK
https://www.scribbly.ai/,OK
https://www.reviewbomb.me/,OK
https://www.affable.ai/,OK
https://www.typingmind.com/,OK
https://www.opendream.ai/,OK
https://www.chatmate.ai/,OK
https://www.freshworks.com/,Broken (status code: 403)
https://www.schoolai.co/,OK
https://www.vocads.com/,OK
https://www.sumly.ai/,OK
https://superusapp.com/,OK
https://www.messengerx.io/satoshi-nakamoto,OK
https://socialdraft.com/,OK
https://www.gosquared.com/,OK
https://www.looti.io/,OK
https://auri.ai/,OK
https://www.exactbuyer.com/,OK
https://bot.viseo.io/,OK
https://chrome.google.com/,OK
https://blogaudio.co/,OK
https://www.messengerx.io/gandhiji,OK
https://neural.love/audio,OK
https://www.drift.com/,OK
https://cards.langa.me/,OK
https://www.avtrs.ai/,OK
https://www.neuralspace.ai/,OK
https://www.partly.ai/,OK
https://www.topazlabs.com/gigapixel-ai,OK
https://autoportrait.ai/,OK
https://www.deepagency.com/,OK
https://avaturn.me/,OK
https://www.jaeves.com/,OK
https://avatarify.art/,OK
https://aiphotorobot.com/,OK
https://pickapic.io/,OK
https://apps.apple.com/app/apple-store/id6443700946,OK
https://cvjury.com/,Broken (status code: 406)
https://air.inc/,OK
https://www.jibewith.com/,OK
https://tweetyai.com/,OK
https://www.pxl8.shop/,Timed out
https://thesamur.ai/,OK
https://cyanite.ai/,OK
https://pudding.cool/2020/12/judge-my-spotify/,OK
https://tweetfox.io/,OK
https://www.redacta.me/,OK
https://wearenova.ai/,OK
https://tweetspear.com/,OK
https://api.whatsapp.com/message/O3FMEZ4NV2E4O1,OK
https://emplifi.io/,OK
https://tweept3.com/,OK
https://www.gliacloud.com/en/,OK
https://www.meetcortex.com/,OK
https://aipetavatar.com/,OK
https://www.zaap.ai/,OK
https://aipetavatar.com/,OK
https://www.zaap.ai/,OK
https://emaildojo.io/ai-content-generator,OK
https://play.google.com/store/apps/details?id=com.wadup.furmasterpiece&ref=aitoptools&pli=1,OK
https://publer.io/features/ai-assist,OK
https://sayhi.pro/,OK
https://staccato.ai/,OK
https://cookup.ai/a/write-next-tweet-using-ai-pzo7xzqz/,OK
https://purrfect.ai/,OK
https://glossai.co/,OK
https://twitter-ai.vercel.app/,OK
https://unrealme.io/,OK
https://tunesfortales.fun/,OK
https://linkout.network/,OK
https://reflectme.art/,OK
https://washyourlyrics.com/,OK
https://apps.apple.com/us/app/ai-music-pro/id1635261282,OK
https://recontent.ai/,OK
https://thedream.ai/,OK
https://www.aimi.fm/,OK
https://www.tweetstorm.ai/,OK
https://openai.com/research/musenet,OK
https://alterego-ai.com/,OK
https://www.viralviews.co/,OK
https://moises.ai/,OK
https://pictureperfect.ai/,OK
https://melobytes.com/en/app/ai_melobytes_song,OK
https://dreampic.ai/,OK
https://www.digicuratoragency.com/grambotplus,OK
https://openai.com/research/jukebox,OK
https://www.generatorxyz.com/,OK
https://ecrettmusic.com/,OK
https://captiongen.szhao.dev/,OK
https://m64.in/linked-xp/,OK
https://www.dashword.com/content-brief-generator/,OK
https://meetotis.com/,OK
https://tweetassist.ai/,OK
https://www.adyouneed.com/,OK
https://socialbee.com/ai-post-generator/,Broken (status code: 403)
https://textio.com/,OK
https://toolzu.com/hashtag-generator-for-instagram/,OK
https://www.acrolinx.com/,Broken (status code: 403)
https://www.digimarkai.com/,OK
https://hellowoofy.com/?cn-reloaded=1,Broken (status code: 403)
https://www.conversica.com/,Broken (status code: 403)
https://flamel.ai/,OK
https://robotlawyerlisa.com/,OK
https://twitter-bot.com/,OK
https://www.luminance.com/,OK
https://tweetify.it/,OK
https://kirasystems.com/,OK
https://connexun.com/,OK
https://leoforce.com/,Broken (status code: 403)
https://www.paradox.ai/,OK
https://www.zoho.com/recruit/ai-recruitment.html,OK
https://drawanyone.ai/,OK
https://www.aragon.ai/,OK
https://www.simulai.co/,OK
https://art.elbo.ai/,OK
https://www.livereacting.com/,OK
https://photostudio.blockode.co/,OK
https://posed.ai/,OK
https://www.animeai.lol/,OK
https://sharper.art/,OK
https://www.radaar.io/free-tools/social-post-generator/,OK
https://www.paintedsaintly.com/,OK
https://metabrixlab.com/voge/,OK
https://excelly-ai.io/,OK
https://resumecheck.net/,OK
https://m64.in/seo-stan/,OK
https://www.ai-ghostwriter.com/,OK
https://ruru.chat/,OK
https://ruru.chat/,OK
https://veeks.io/cute,OK
https://tubetldr.com/,OK
https://app.colorpop.ai/,OK
https://imajinn.ai/product-visualizer,OK
https://play.google.com/store/apps/details,Broken (status code: 404)
https://tosummary.com/,OK
https://www.prezo.ai/,OK
https://valemtimes.com/,Broken (status code: 403)
https://www.presentations.ai/,OK
https://dumme.com/,OK
https://apps.apple.com/us/app/ink-ai-writing-app-with-gpt/id1663795399,OK
https://glimmerai.tech/,OK
https://airfocus.com/product/ai/,OK
https://www.wanda.so/,OK
https://kroma.ai/,Broken (status code: 403)
https://www.getvoila.ai/,OK
https://www.beemerdocs.com/,OK
https://qdrant.tech/,OK
https://homebyte.com/,OK
https://chrome.google.com/webstore/detail/second-brain/phhnfeeenkglecnilookffilboagfgkm,OK
https://pitch.com/,OK
https://goholler.ai/,OK
https://storypath.app/,Broken (status code: 403)
https://www.edenai.co/,OK
https://compar.ai/,OK
https://wpaibot.com/,OK
https://tara.ai/,OK
https://logocreatorai.com/,OK
https://elephas.app/,OK
https://www.deckrobot.com/,OK
https://tweetify.it/,OK
https://tinystorie.com/,OK
https://tally.work/,Timed out
https://elaborate.ai/,OK
https://www.beautiful.ai/,OK
https://remini.ai/,OK
https://schoolhack.ai/,OK
https://mypitchdeck.com/,OK
https://www.buildai.space/app/the-inspirer,OK
https://tally.so/r/npeJgq,OK
https://ai-adventures.com/,OK
https://www.akkio.com/,OK
https://powermodeai.com/,OK
https://www.spreadsheet.com/integrations/openai,OK
https://www.magicslides.app/,OK
https://www.getmindset.com/,OK
https://www.slideas.ai/,OK
https://halist.ai/,OK
https://coda.io/@coda/openai-for-coda/,OK
https://store.meetheverse.com/l/DaVinsiri,OK
https://www.lunit.io/en,OK
https://fathom.video/,OK
https://pixlr.com/,OK
https://workspace.google.com/u/0/marketplace/app/docgpt_ai_writer_for_docs/466607203252,OK
https://openai.com/blog/new-ai-classifier-for-indicating-ai-written-text,OK
https://danchat.app/,OK
https://www.envsion.io/,OK
https://ensur.it/,Broken (status code: 500)
https://social-comments-gpt.com/,OK
https://codeconverter.com/,OK
https://weet.co/,OK
https://workspace.google.com/marketplace/app/docsgpt_for_google_docs/440338637992,OK
https://www.buildai.space/app/feel-good-app,OK
https://www.dealcode.ai/lp/sales-ai-message-generator,OK
https://browsegpt.ai/?ref=aitoptools,OK
https://apps.apple.com/app/diffusers/id1666309574,OK
https://homedesigns.ai/,OK
https://aibusinesstool.com/,OK
https://speedybrand.io/,OK
https://www.careered.ai/,OK
https://smart-ai-transformations.cloudinary.com/,OK
https://deepreview.eu/,OK
https://aisixteen.com/,OK
https://0xai.quest/,Broken (status code: 404)
https://www.tinyeinstein.ai/,OK
https://cookaifood.com/,OK
https://www.mealsai.com/,OK
https://www.ceipal.com/,OK
https://stunning.so/,OK
https://www.visenze.com/,OK
https://shop.claros.so/,OK
https://beamery.com/,OK
https://dipsway.com/,OK
https://finsea.ai/,OK
https://www.theseventhsense.com/,OK
https://www.bezly.xyz/,OK
https://www.pixyle.ai/,OK
https://www.makaleapp.com/,OK
https://datingbyai.com/,OK
https://www.thegenerativepress.com/,OK
https://tinq.ai/,OK
https://www.shello-ai.com/,OK
https://www.sentelo.com/,OK
https://writersbrew.app/,OK
https://www.essay.bar/,OK
https://analogenie.com/,OK
https://wraithdocs.com/,OK
https://www.ezai.app/,OK
https://mytales.io/,OK
https://wrytr.org/,OK
https://www.promptplays.ai/product/writewise,OK
https://rubygpt.ai/,OK
https://www.zite.ai/,OK
https://bingbang.ai/,OK
https://rankpress.io/,OK
https://akshit.gumroad.com/l/FigCopy,OK
https://www.orchard.ink/,OK
https://cmdj.app/,OK
https://www.narrativa.com/,Broken (status code: 406)
https://instoried.com/,OK
https://aquila.conversionspree.com/,OK
https://www.replix.ai/,OK
https://coolaiid.com/,OK
https://www.editeur.ai/,OK
https://waymark.com/,OK
https://www.wordfixerbot.com/,OK
https://contentatscale.ai/,OK
https://tribescaler.com/index.html,OK
https://tability.app/signup,OK
https://aireality.tech/,OK
https://www.broadn.io/,OK
https://www.befunky.com/,OK
https://warmer.ai/,OK
https://dreamhouseai.com/,OK
https://dream.page/,OK
https://www.wave.ai/,OK
https://visio.studio/,OK
https://picso.ai/,OK
https://apps.apple.com/,OK
https://www.rezi.ai/,OK
https://voicepen.ai/,OK
https://www.algolia.com/,OK
https://drinkwater.ai/,OK
https://www.oneai.com/,OK
https://olli.ai/,OK
https://www.typewise.app/,OK
https://robovision.ai/product/platform/,OK
https://www.evoto.ai/,OK
https://academicid.net/minerva-ai,OK
https://lumen5.com/,OK
https://cfrexplorer.com/,OK
https://superprompts.com/,OK
https://www.tabletalk.ai/,OK
https://blog.hatena.ne.jp/,OK
https://www.dhiwise.com/,OK
https://nsfw.m1guelpf.me/,OK
https://radiantimaginglabs.com/,Broken (status code: 403)
https://letterdrop.com/,OK
https://www.monitaur.ai/,OK
https://interflexion.com/,Broken (status code: 403)
https://bunch.ai/,OK
https://spreadpositivitytoday.com/,OK
https://www.augmentir.com/,Broken (status code: 403)
https://www.spreadai.app/,OK
https://www.thestepstonegroup.com/en/,OK
https://aihelperbot.com/,OK
https://store.steampowered.com/app/1889620/AI_Roguelite/,OK
https://aiforbiz.co/,OK
https://www.trinka.ai/,OK
https://www.deciphr.ai/,OK
https://www.fables.gg/,OK
https://dreamstaging.ai/,OK
https://www.superusapp.com/aideamap,OK
https://www.litmaps.com/,OK
https://aiprolific.com/,OK
https://dictation.io/,OK
https://hirable.fyi/,OK
https://www.vondy.com/,OK
https://tiktak-studio.framer.website/,OK
https://www.loopinhq.com/ai,OK
https://www.renderforest.com/#Videos,OK
https://thelevel.ai/,OK
https://mygpt.thesamur.ai/,OK
https://getstarted.maritessai.com/,OK
https://www.askrobi.com/,OK
https://extractify.co/,OK
https://autory.ai/,OK
https://goatchat.ai/chat/elmo,OK
https://heysheriff.com/,OK
https://www.seowebsearch.com/,OK
https://www.paxo.ai/,OK
https://www.pymetrics.ai/,OK
https://www.blaze.tech/,OK
https://www.quizwhiz.ai/,OK
https://app.adaptiv.me/app/ask-ada,OK
https://wiz.chat/,OK
https://www.hiredscore.com/,OK
https://www.askan.ai/,OK
https://www.plazmapunk.com/,OK
https://chat.upstreamapi.com/,OK
https://www.casperkeyboard.com/,OK
https://mindsdb.com/,OK
https://aicontentfy.com/,OK
https://www.logopony.com/name-generator/,OK
https://twitter.com/,Broken (status code: 503)
https://www.entelo.com/,OK
https://comntai.com/,Timed out
https://trevorai.com/,OK
https://www.zazzani.com/,OK
https://play.google.com/store/apps/details,Broken (status code: 404)
https://philosophy.fyi/,OK
https://app.hypeindex.com/,OK
https://www.uminal.com/,OK
https://www.gitterbot.io/,OK
https://www.anthropic.com/product,OK
https://diffusion.chat/,OK
https://www.bffapp.me/,OK
https://checkget.com/,OK
https://overment.gumroad.com/l/avatar,OK
https://removal.ai/,OK
https://references.design/,OK
https://ask.buzzingai.com/#/,OK
https://play.google.com/,OK
https://www.buildai.space/app/meal-mate-app,OK
https://www.dashworks.ai/for-slack,OK
https://practiceinterview.co/,OK
https://www.autodesk.in/products/maya/,OK
https://generate.universaldata.io/,OK
https://www.askmiku.com/,OK
https://www.videoscribe.co/en/,OK
https://secure.scribebuddy.com/,Broken (status code: 403)
https://www.essense.io/,OK
https://grid.is/,OK
https://6b.eleuther.ai/,OK
https://www.exod.ai/,OK
https://www.talktoaihuman.com/,OK
https://sites.google.com/view/lazyreplyapp/,OK
https://revealbot.com/,OK
https://knowt.io/,OK
https://www.smartly.io/,OK
https://connectio.io/connectretarget/,OK
https://connectio.io/connectleads/,OK
https://www.warp.dev/,OK
https://www.codacy.com/,OK
https://adadot.com/,OK
https://www.timedoctor.com/,OK
https://makeavideo.studio/,OK
https://techcrunch.com/2023/04/05/chatgpt-everything-you-need-to-know-about-the-ai-powered-chatbot/,OK
https://twitter.com/BlancheMinerva/status/1643411683858169861,Broken (status code: 503)
https://techcrunch.com/2023/04/06/can-ai-commit-libel-were-about-to-find-out/,OK
https://techcrunch.com/2023/04/06/can-ai-commit-libel-were-about-to-find-out/,OK
https://ai.facebook.com/blog/segment-anything-foundation-model-image-segmentation/,OK
https://genaug.github.io/,OK
https://openai.com/product/gpt-4,OK
https://www.nasa.gov/feature/goddard/2023/sun/nasa-enabled-ai-predictions-may-give-time-to-prepare-for-solar-storms,OK
https://openai.com/blog/openai-and-microsoft-extend-partnership,OK
https://openai.com/blog/new-and-improved-embedding-model,OK
https://cacti-framework.github.io/,OK
https://ai.facebook.com/blog/cicero-ai-negotiates-persuades-and-cooperates-with-people/,OK
https://electronics.sony.com/airpeak,OK
https://www.linkedin.com/posts/genai-center_chatgpt-for-healthcare-when-llms-meet-clinical-activity-7050444673764503552-6uVT/,OK
https://medium.com/@HonorWorld/introducing-honorgpt-bring-ai-to-honor-world-dbca40a0a532,OK
https://ai.facebook.com/blog/pytorch-ai-smartphones-computers/,OK
https://www.fast.ai/posts/part2-2023.html,OK
https://artificialcorner.com/youre-using-chatgpt-wrong-here-s-how-to-be-ahead-of-99-of-chatgpt-users-886a50dabc54,OK
https://www.linkedin.com/products/copymonkey-ai-product-description-generator/,OK
https://www.firstpost.com/explainers/italy-chatgpt-ban-ai-chatbot-privacy-data-breach-openai-12389822.html,OK
https://apnews.com/article/chatgpt-openai-data-privacy-italy-1e3f070ca86ec234cae4d08ac8443879,OK
https://www.forbes.com/sites/sap/2023/03/21/if-you-think-ai-is-hot-wait-until-it-meets-quantum-computing/?sh=16efdf471ff6,OK
"https://thequantuminsider.com/2022/08/23/quantum-computer-ai-powering-computers-with-quantum-brains/#:~:text=QuantumComputerAIorquantum,revolutionizenumerousindustriesandfields",OK
https://abcnews.go.com/Technology/openai-ceo-sam-altman-ai-reshape-society-acknowledges/story?id=97897122,OK
https://techcrunch.com/2023/04/10/poes-ai-chatbot-app-now-lets-you-make-your-bots-using-prompts/,OK
https://twitter.com/MetaAI/status/1643599800414380038,Broken (status code: 503)
https://timesofindia.indiatimes.com/education/news/ai-in-education-dont-fret-about-students-using-chatgpt-to-cheat-ai-is-a-bigger-threat-to-educational-equality/articleshow/99396610.cms,OK
https://twitter.com/advaitmb/status/1643933756179509251,Broken (status code: 503)
https://www.ndtv.com/offbeat/glimpse-into-the-past-artist-uses-ai-to-imagine-how-taj-mahal-was-built-3935823,OK
https://twitter.com/jerryjliu0/status/1645451894637367298,Broken (status code: 503)
https://economictimes.indiatimes.com/magazines/panache/can-ai-replace-jobs-surpass-human-mind-google-ceo-sundar-pichai-speaks-up-on-the-dangers-of-artificial-intelligence/articleshow/99291650.cms,OK
https://www.bbc.com/news/world-middle-east-65238950,OK
https://www.firstpost.com/world/personal-info-credit-card-details-of-chatgpt-plus-users-leaked-because-of-bug-12356112.html,OK
https://economictimes.indiatimes.com/news/new-updates/chatgpt-saves-dogs-life-gives-correct-diagnosis-that-even-vet-could-not-identify/articleshow/99053583.cms,OK
https://www.independent.co.uk/tech/chatgpt-ban-germany-ai-privacy-b2314487.html,OK
https://brandequity.economictimes.indiatimes.com/news/digital/meet-sensechat-chinas-latest-answer-to-chatgpt/99396726,OK
https://www.livemint.com/news/world/google-claims-its-custom-built-ai-supercomputer-outperforms-nvidia-s-systems-11680653510068.html,OK
https://ai.facebook.com/blog/muavic-audio-visual-speech-translation-benchmark/?utm_source=twitter&utm_medium=organic_social&utm_campaign=blog&utm_content=video,OK
https://www.artificialintelligence-news.com/2023/03/28/clearview-ai-us-police-almost-1m-searches/,Broken (status code: 400)
https://www.zdnet.com/article/how-an-ai-tool-could-crack-your-passwords-in-seconds/,OK
https://www.livemint.com/news/world/australian-mayor-likely-to-file-world-s-first-defamation-lawsuit-against-chatgpt-over-false-claims-11680692811645.html,OK
https://www.livemint.com/news/india/samsung-data-leak-how-staffers-accidentally-shared-company-secrets-via-chatgpt-11680875983516.html,OK
https://economictimes.indiatimes.com/small-biz/security-tech/technology/role-of-ai-in-metaverse-from-content-creation-to-cybersecurity/articleshow/99256925.cms,OK
https://www.artificialintelligence-news.com/2023/02/23/aws-and-hugging-face-expand-partnership-to-make-ai-more-accessible/,Broken (status code: 400)
https://economictimes.indiatimes.com/news/new-updates/trying-to-fake-sickness-to-get-leave-may-get-tough-all-thanks-to-new-ai-technology-see-how/articleshow/99404151.cms?from=mdr,OK
https://www.insiderintelligence.com/insights/artificial-intelligence-healthcare/,OK
https://www.aljazeera.com/news/2023/4/10/ai-generated-news-presenter-appears-in-kuwait,OK
https://civitai.com/,OK
https://www.downtoearth.org.in/news/science-technology/ai-for-drug-development-how-trustworthy-is-the-tech--88660,OK
https://content.techgig.com/technology/microsoft-introduces-ai-copilot-to-onenote/articleshow/99356963.cms,OK
https://content.techgig.com/technology/now-you-can-access-chatgpt-from-your-wrist-watch-details-inside/articleshow/98625062.cms,OK
https://content.techgig.com/technology/chatgpt-vs-bard-a-critical-comparison-between-both-the-ai-chatbots/articleshow/98298018.cms,OK
https://www.marktechpost.com/2023/04/11/meet-lmql-an-open-source-programming-language-and-platform-for-large-language-model-llm-interaction/,Broken (status code: 400)
https://www.discovermagazine.com/technology/could-ai-language-models-like-chatgpt-unlock-mysterious-ancient-texts,OK
https://www.marktechpost.com/2023/04/06/meet-dera-an-ai-framework-for-enhancing-large-language-model-completions-with-dialog-enabled-resolving-agents/,Broken (status code: 400)
https://www.marktechpost.com/2023/04/05/meet-bloomberggpt-a-large-language-model-with-50-billion-parameters-that-has-been-trained-on-a-variety-of-financial-data/,Broken (status code: 400)
https://www.marktechpost.com/2023/04/08/recursive-criticism-and-improvement-rci-prompting-an-approach-to-improve-large-language-models-llms-in-computer-and-reasoning-tasks/,Broken (status code: 400)
https://www.marktechpost.com/2023/04/08/another-large-language-model-meet-igel-an-instruction-tuned-german-llm-family/,Broken (status code: 400)
https://www.marktechpost.com/2023/04/10/enhancing-ais-emotional-intelligence-the-role-of-psychotherapy-in-developing-healthy-language-models/,Broken (status code: 400)
https://www.marktechpost.com/2023/04/10/meet-auto-gpt-an-experimental-open-source-application-showing-the-power-of-llms-like-gpt-4-to-autonomously-develop-and-manage-different-kinds-of-tasks/,Broken (status code: 400)
https://www.marktechpost.com/2023/04/07/meet-chatarena-a-python-library-designed-to-facilitate-communication-and-collaboration-between-multiple-large-language-models-llms/,Broken (status code: 400)
https://www.marktechpost.com/2023/04/06/opt-me-out-from-diffusion-this-ai-model-can-remove-copyrighted-concepts-from-text-to-image-diffusion-models/,Broken (status code: 400)
http://dev.gpt123.co:9081/product/ai-generated-news-presenter-appears-in-kuwait/,Timed out
https://twitter.com/karpathy/status/1645115622517542913,OK
https://fortune.com/2022/12/22/artificial-intelligence-is-the-new-competitive-edge-in-sports/,OK
https://www.forbes.com/sites/forbesbusinesscouncil/2023/03/20/the-future-of-ai-in-banking/?sh=58854ce35ed5,OK
https://timesofindia.indiatimes.com/business/startups/people/artificial-intelligence-can-play-a-vital-role-in-hr-functions/articleshow/99399972.cms,OK
https://twitter.com/lmqllang/status/1643582539745964033,Broken (status code: 503)
https://economictimes.indiatimes.com/news/international/world-news/the-camera-never-lied-until-artificial-intelligence-told-it-to/articleshow/99362557.cms,OK
https://www.sciencedaily.com/releases/2023/03/230308112147.html,Broken (status code: 403)
https://www.sciencedaily.com/releases/2023/01/230126124330.htm,Broken (status code: 403)
https://www.mid-day.com/technology/article/can-chatgpt-aid-in-breast-cancer-screening-advice-new-study-says-people-will-have-to-still-confirm-with-their-doctors-23279490,OK
https://www.businesstoday.in/technology/news/story/chatgpt-maker-openai-offers-over-rs-16-lakh-for-finding-flaws-in-their-ai-systems-377009-2023-04-12,OK
https://m.economictimes.com/tech/technology/us-begins-study-of-possible-rules-to-regulate-ai-like-chatgpt/articleshow/99420647.cms,OK
https://www.livemint.com/news/india/ai-tool-can-now-detect-if-people-have-cold-from-the-tone-of-their-voice-here-s-how-11681262524485.html,OK
https://www.marktechpost.com/2023/04/03/meet-gpt4all-a-7b-parameter-language-model-fine-tuned-from-a-curated-set-of-400k-gpt-turbo-3-5-assistant-style-generation/,Broken (status code: 400)
https://www.marktechpost.com/2023/04/02/meet-vicuna-an-open-source-chatbot-that-achieves-90-chatgpt-quality-and-is-based-on-llama-13b/,Broken (status code: 400)
https://www.marktechpost.com/2023/03/26/meet-pix2video-a-training-free-and-text-guided-ai-approach-that-simplifies-video-editing-using-image-diffusion-models/,Broken (status code: 400)
https://www.indiatvnews.com/technology/news/with-chatgpt-a-man-earns-28-lac-in-3-months-know-how-2023-04-11-862576,OK
https://www.datasciencecentral.com/the-data-science-behind-ai/,OK
https://economictimes.indiatimes.com/tech/technology/google-takes-on-meta-introduces-own-video-generating-ai/articleshow/94681128.cms,OK
https://economictimes.indiatimes.com/tech/technology/ai-may-change-everything-but-probably-not-too-quickly/articleshow/99188496.cms,OK
https://economictimes.indiatimes.com/tech/technology/openai-to-enable-more-customizations-for-enterprise-and-individual-users/articleshow/98532040.cms,OK
https://www.livemint.com/technology/tech-news/chatgpt-faces-demands-from-italian-data-protection-agency-before-resuming-services-11681370684258.html,OK
https://food.ndtv.com/news/viral-news-man-uses-chatgpt-to-curate-in-depth-meal-plan-tweet-goes-viral-3944112,OK
https://lifestyle.livemint.com/food/drink/what-chatgpt-didn-t-tell-me-about-ice-and-cocktails-111680837111464.html,OK
https://www.msn.com/en-us/news/technology/most-chatgpt-extensions-are-just-malware/vi-AA19MxqX,OK
http://dev.gpt123.co:9081/product/ai-generated-news-presenter-appears-in-kuwait/,Timed out
http://dev.gpt123.co:9081/product/ai-generated-news-presenter-appears-in-kuwait/,Timed out
https://www.forbes.com/sites/katiejennings/2023/04/13/google-releases-ai-tools-to-speed-up-health-insurance-preapprovals/?sh=94e199e48ebf,OK
https://www.livescience.com/space/astronomy/black-holes/first-ever-close-up-of-a-supermassive-black-hole-sharpened-to-full-resolution-by-ai-and-the-results-are-stunning,OK
http://www.aiacademyhq.com/,Broken (status code: 406)
https://www.ft.com/content/2a96995b-c799-4281-8b60-b235e84aefe4,OK
